https://www.hltv.org/matches/2356101/bad-news-eagles-vs-eternal-fire-pgl-major-antwerp-2022-challengers-stage,2356101,,,"['bad-news-eagles', 'eternal-fire']","[11518, 11251]","[['sener1', 'juanflatroo', 'sinnopsyy', 'gxx', 'rigon'], ['xantares', 'woxic', 'calyx', 'imorr', 'xfl0ud']]","[[15778, 17147, 18120, 19725, 12708], [7938, 8574, 8575, 15835, 19187]]","[['ct'], ['t']]","[[16, 14]]","[8, 7]",['Dust2'],bad-news-eagles,eternal-fire,12:00,2022-05-09,1652090400000,PGL Major Antwerp 2022 Challengers Stage,6384,1,woxic
https://www.hltv.org/matches/2356099/astralis-vs-ihc-pgl-major-antwerp-2022-challengers-stage,2356099,https://www.hltv.org/download/demo/71815,71815,"['astralis', 'ihc']","[6665, 11585]","[[], []]","[[], []]","[['ct'], ['t']]","[[16, 2]]","[13, 2]",['Nuke'],astralis,ihc,14:05,2022-05-09,1652097900000,PGL Major Antwerp 2022 Challengers Stage,6384,1,Xyp9x
https://www.hltv.org/matches/2356102/forze-vs-renegades-pgl-major-antwerp-2022-challengers-stage,2356102,https://www.hltv.org/download/demo/71817,71817,"['forze', 'renegades']","[8135, 6211]","[['jerry', 'zorte', 'shalfey', 'kensi', 'norwi'], ['liazz', 'sico', 'alistair', 'ins', 'hatz']]","[[13157, 15662, 17011, 19236, 19882], [10588, 9102, 11139, 11140, 11162]]","[['ct'], ['t']]","[[16, 9]]","[13, 2]",['Nuke'],forze,renegades,13:30,2022-05-09,1652095800000,PGL Major Antwerp 2022 Challengers Stage,6384,1,KENSI
https://www.hltv.org/matches/2356098/g2-vs-liquid-pgl-major-antwerp-2022-challengers-stage,2356098,https://www.hltv.org/download/demo/71814,71814,"['g2', 'liquid']","[5995, 5973]","[['niko', 'hunter', 'jackz', 'm0nesy', 'aleksib'], ['nitr0', 'elige', 'osee', 'naf', 'shox']]","[[3741, 3972, 284, 19230, 9816], [7687, 8738, 13249, 8520, 1225]]","[['ct'], ['t']]","[[16, 6]]","[13, 2]",['Inferno'],g2,liquid,13:00,2022-05-09,1652094000000,PGL Major Antwerp 2022 Challengers Stage,6384,1,NiKo
https://www.hltv.org/matches/2356097/vitality-vs-complexity-pgl-major-antwerp-2022-challengers-stage,2356097,https://www.hltv.org/download/demo/71813,71813,"['vitality', 'complexity']","[9565, 5005]","[['apex', 'zywoo', 'misutaaa', 'dupreeh', 'magisk'], ['junior', 'grim', 'floppy', 'fang', 'jt']]","[[7322, 11893, 14176, 7398, 9032], [14494, 13578, 12713, 17372, 11630]]","[['ct'], ['t']]","[[16, 1]]","[14, 1]",['Inferno'],vitality,complexity,12:00,2022-05-09,1652090400000,PGL Major Antwerp 2022 Challengers Stage,6384,1,Magisk
https://www.hltv.org/matches/2356101/bad-news-eagles-vs-eternal-fire-pgl-major-antwerp-2022-challengers-stage,2356101,https://www.hltv.org/download/demo/71816,71816,"['bad-news-eagles', 'eternal-fire']","[11518, 11251]","[['sener1', 'juanflatroo', 'sinnopsyy', 'gxx', 'rigon'], ['xantares', 'woxic', 'calyx', 'imorr', 'xfl0ud']]","[[15778, 17147, 18120, 19725, 12708], [7938, 8574, 8575, 15835, 19187]]","[['ct'], ['t']]","[[16, 14]]","[8, 7]",['Dust2'],bad-news-eagles,eternal-fire,12:00,2022-05-09,1652090400000,PGL Major Antwerp 2022 Challengers Stage,6384,1,woxic
https://www.hltv.org/matches/2356098/g2-vs-liquid-pgl-major-antwerp-2022-challengers-stage,2356098,https://www.hltv.org/download/demo/71814,71814,"['g2', 'liquid']","[5995, 5973]","[['niko', 'hunter', 'jackz', 'm0nesy', 'aleksib'], ['nitr0', 'elige', 'osee', 'naf', 'shox']]","[[3741, 3972, 284, 19230, 9816], [7687, 8738, 13249, 8520, 1225]]","[['ct'], ['t']]","[[16, 6]]","[13, 2]",['Inferno'],g2,liquid,13:00,2022-05-09,1652094000000,PGL Major Antwerp 2022 Challengers Stage,6384,1,NiKo
https://www.hltv.org/matches/2356102/forze-vs-renegades-pgl-major-antwerp-2022-challengers-stage,2356102,https://www.hltv.org/download/demo/71817,71817,"['forze', 'renegades']","[8135, 6211]","[['jerry', 'zorte', 'shalfey', 'kensi', 'norwi'], ['liazz', 'sico', 'alistair', 'ins', 'hatz']]","[[13157, 15662, 17011, 19236, 19882], [10588, 9102, 11139, 11140, 11162]]","[['ct'], ['t']]","[[16, 9]]","[13, 2]",['Nuke'],forze,renegades,13:30,2022-05-09,1652095800000,PGL Major Antwerp 2022 Challengers Stage,6384,1,KENSI
https://www.hltv.org/matches/2356099/astralis-vs-ihc-pgl-major-antwerp-2022-challengers-stage,2356099,https://www.hltv.org/download/demo/71815,71815,"['astralis', 'ihc']","[6665, 11585]","[['xyp9x', 'k0nfig', 'gla1ve', 'farlig', 'blamef'], ['kabal', 'nin9', 'sk0r', 'blitz', 'techno']]","[[4954, 9078, 7412, 13300, 15165], [10870, 15072, 18638, 20194, 20275]]","[['ct'], ['t']]","[[16, 2]]","[13, 2]",['Nuke'],astralis,ihc,14:05,2022-05-09,1652097900000,PGL Major Antwerp 2022 Challengers Stage,6384,1,Xyp9x
https://www.hltv.org/matches/2356103/imperial-vs-spirit-pgl-major-antwerp-2022-challengers-stage,2356103,https://www.hltv.org/download/demo/71818,71818,"['imperial', 'spirit']","[9455, 7020]","[['boltz', 'fallen', 'vini', 'fnx', 'fer'], ['chopper', 'degster', 'magixx', 's1ren', 'patsi']]","[[8568, 2023, 12822, 557, 8564], [7716, 17306, 18317, 18506, 19673]]","[['ct'], ['t']]","[[6, 16]]","[5, 10]",['Dust2'],spirit,imperial,14:50,2022-05-09,1652100600000,PGL Major Antwerp 2022 Challengers Stage,6384,1,degster
https://www.hltv.org/matches/2356104/ence-vs-9z-pgl-major-antwerp-2022-challengers-stage,2356104,https://www.hltv.org/download/demo/71819,71819,"['ence', '9z']","[4869, 9996]","[['dycha', 'hades', 'snappi', 'maden', 'spinx'], ['rox', 'luken', 'dgt', 'dav1d', 'max']]","[[16080, 16848, 922, 11777, 18221], [16067, 15914, 14736, 18865, 12092]]","[['ct'], ['t']]","[[16, 7]]","[9, 6]",['Mirage'],ence,9z,16:05,2022-05-09,1652105100000,PGL Major Antwerp 2022 Challengers Stage,6384,1,Spinx
https://www.hltv.org/matches/2356100/mibr-vs-outsiders-pgl-major-antwerp-2022-challengers-stage,2356100,https://www.hltv.org/download/demo/71820,71820,"['mibr', 'outsiders']","[9215, 11595]","[['chelo', 'exit', 'wood7', 'jota', 'tuurtle'], ['buster', 'qikert', 'jame', 'fl1t', 'yekindar']]","[[10566, 11154, 14390, 17861, 14394], [11942, 13239, 13776, 12732, 13915]]","[['ct'], ['t']]","[[14, 16]]","[7, 8]",['Dust2'],outsiders,mibr,15:30,2022-05-09,1652103000000,PGL Major Antwerp 2022 Challengers Stage,6384,1,Qikert
https://www.hltv.org/matches/2356098/g2-vs-liquid-pgl-major-antwerp-2022-challengers-stage,2356098,https://www.hltv.org/download/demo/71814,71814,"['g2', 'liquid']","[5995, 5973]","[['niko', 'hunter', 'jackz', 'm0nesy', 'aleksib'], ['nitr0', 'elige', 'osee', 'naf', 'shox']]","[[3741, 3972, 284, 19230, 9816], [7687, 8738, 13249, 8520, 1225]]","[['ct'], ['t']]","[[16, 6]]","[13, 2]",['Inferno'],g2,liquid,13:00,2022-05-09,1652094000000,PGL Major Antwerp 2022 Challengers Stage,6384,1,NiKo
https://www.hltv.org/matches/2356097/vitality-vs-complexity-pgl-major-antwerp-2022-challengers-stage,2356097,https://www.hltv.org/download/demo/71813,71813,"['vitality', 'complexity']","[9565, 5005]","[['apex', 'zywoo', 'misutaaa', 'dupreeh', 'magisk'], ['junior', 'grim', 'floppy', 'fang', 'jt']]","[[7322, 11893, 14176, 7398, 9032], [14494, 13578, 12713, 17372, 11630]]","[['ct'], ['t']]","[[16, 1]]","[14, 1]",['Inferno'],vitality,complexity,12:00,2022-05-09,1652090400000,PGL Major Antwerp 2022 Challengers Stage,6384,1,Magisk
https://www.hltv.org/matches/2356101/bad-news-eagles-vs-eternal-fire-pgl-major-antwerp-2022-challengers-stage,2356101,https://www.hltv.org/download/demo/71816,71816,"['bad-news-eagles', 'eternal-fire']","[11518, 11251]","[['sener1', 'juanflatroo', 'sinnopsyy', 'gxx', 'rigon'], ['xantares', 'woxic', 'calyx', 'imorr', 'xfl0ud']]","[[15778, 17147, 18120, 19725, 12708], [7938, 8574, 8575, 15835, 19187]]","[['ct'], ['t']]","[[16, 14]]","[8, 7]",['Dust2'],bad-news-eagles,eternal-fire,12:00,2022-05-09,1652090400000,PGL Major Antwerp 2022 Challengers Stage,6384,1,woxic
https://www.hltv.org/matches/2356098/g2-vs-liquid-pgl-major-antwerp-2022-challengers-stage,2356098,https://www.hltv.org/download/demo/71814,71814,"['g2', 'liquid']","[5995, 5973]","[['niko', 'hunter', 'jackz', 'm0nesy', 'aleksib'], ['nitr0', 'elige', 'osee', 'naf', 'shox']]","[[3741, 3972, 284, 19230, 9816], [7687, 8738, 13249, 8520, 1225]]","[['ct'], ['t']]","[[16, 6]]","[13, 2]",['Inferno'],g2,liquid,13:00,2022-05-09,1652094000000,PGL Major Antwerp 2022 Challengers Stage,6384,1,NiKo
https://www.hltv.org/matches/2356102/forze-vs-renegades-pgl-major-antwerp-2022-challengers-stage,2356102,https://www.hltv.org/download/demo/71817,71817,"['forze', 'renegades']","[8135, 6211]","[['jerry', 'zorte', 'shalfey', 'kensi', 'norwi'], ['liazz', 'sico', 'alistair', 'ins', 'hatz']]","[[13157, 15662, 17011, 19236, 19882], [10588, 9102, 11139, 11140, 11162]]","[['ct'], ['t']]","[[16, 9]]","[13, 2]",['Nuke'],forze,renegades,13:30,2022-05-09,1652095800000,PGL Major Antwerp 2022 Challengers Stage,6384,1,KENSI
https://www.hltv.org/matches/2356099/astralis-vs-ihc-pgl-major-antwerp-2022-challengers-stage,2356099,https://www.hltv.org/download/demo/71815,71815,"['astralis', 'ihc']","[6665, 11585]","[['xyp9x', 'k0nfig', 'gla1ve', 'farlig', 'blamef'], ['kabal', 'nin9', 'sk0r', 'blitz', 'techno']]","[[4954, 9078, 7412, 13300, 15165], [10870, 15072, 18638, 20194, 20275]]","[['ct'], ['t']]","[[16, 2]]","[13, 2]",['Nuke'],astralis,ihc,14:05,2022-05-09,1652097900000,PGL Major Antwerp 2022 Challengers Stage,6384,1,Xyp9x
https://www.hltv.org/matches/2356103/imperial-vs-spirit-pgl-major-antwerp-2022-challengers-stage,2356103,https://www.hltv.org/download/demo/71818,71818,"['imperial', 'spirit']","[9455, 7020]","[['boltz', 'fallen', 'vini', 'fnx', 'fer'], ['chopper', 'degster', 'magixx', 's1ren', 'patsi']]","[[8568, 2023, 12822, 557, 8564], [7716, 17306, 18317, 18506, 19673]]","[['ct'], ['t']]","[[6, 16]]","[5, 10]",['Dust2'],spirit,imperial,14:50,2022-05-09,1652100600000,PGL Major Antwerp 2022 Challengers Stage,6384,1,degster
https://www.hltv.org/matches/2356100/mibr-vs-outsiders-pgl-major-antwerp-2022-challengers-stage,2356100,https://www.hltv.org/download/demo/71820,71820,"['mibr', 'outsiders']","[9215, 11595]","[['chelo', 'exit', 'wood7', 'jota', 'tuurtle'], ['buster', 'qikert', 'jame', 'fl1t', 'yekindar']]","[[10566, 11154, 14390, 17861, 14394], [11942, 13239, 13776, 12732, 13915]]","[['ct'], ['t']]","[[14, 16]]","[7, 8]",['Dust2'],outsiders,mibr,15:30,2022-05-09,1652103000000,PGL Major Antwerp 2022 Challengers Stage,6384,1,Qikert
https://www.hltv.org/matches/2356104/ence-vs-9z-pgl-major-antwerp-2022-challengers-stage,2356104,https://www.hltv.org/download/demo/71819,71819,"['ence', '9z']","[4869, 9996]","[['dycha', 'hades', 'snappi', 'maden', 'spinx'], ['rox', 'luken', 'dgt', 'dav1d', 'max']]","[[16080, 16848, 922, 11777, 18221], [16067, 15914, 14736, 18865, 12092]]","[['ct'], ['t']]","[[16, 7]]","[9, 6]",['Mirage'],ence,9z,16:05,2022-05-09,1652105100000,PGL Major Antwerp 2022 Challengers Stage,6384,1,Spinx
https://www.hltv.org/matches/2356109/eternal-fire-vs-renegades-pgl-major-antwerp-2022-challengers-stage,2356109,https://www.hltv.org/download/demo/71821,71821,"['eternal-fire', 'renegades']","[11251, 6211]","[['xantares', 'woxic', 'calyx', 'imorr', 'xfl0ud'], ['liazz', 'sico', 'alistair', 'ins', 'hatz']]","[[7938, 8574, 8575, 15835, 19187], [10588, 9102, 11139, 11140, 11162]]","[['ct'], ['t']]","[[16, 2]]","[13, 2]",['Vertigo'],eternal-fire,renegades,17:30,2022-05-09,1652110200000,PGL Major Antwerp 2022 Challengers Stage,6384,1,xfl0ud
https://www.hltv.org/matches/2356110/complexity-vs-ihc-pgl-major-antwerp-2022-challengers-stage,2356110,https://www.hltv.org/download/demo/71822,71822,"['complexity', 'ihc']","[5005, 11585]","[['junior', 'grim', 'floppy', 'fang', 'jt'], ['kabal', 'nin9', 'sk0r', 'blitz', 'techno']]","[[14494, 13578, 12713, 17372, 11630], [10870, 15072, 18638, 20194, 20275]]","[['ct'], ['t']]","[[16, 13]]","[7, 8]",['Nuke'],complexity,ihc,18:30,2022-05-09,1652113800000,PGL Major Antwerp 2022 Challengers Stage,6384,1,bLitz
https://www.hltv.org/matches/2356105/g2-vs-spirit-pgl-major-antwerp-2022-challengers-stage,2356105,https://www.hltv.org/download/demo/71823,71823,"['g2', 'spirit']","[5995, 7020]","[['niko', 'hunter', 'jackz', 'm0nesy', 'aleksib'], ['chopper', 'degster', 'magixx', 's1ren', 'patsi']]","[[3741, 3972, 284, 19230, 9816], [7716, 17306, 18317, 18506, 19673]]","[['ct'], ['t']]","[[19, 17]]","[11, 4]",['Dust2'],g2,spirit,17:30,2022-05-09,1652110200000,PGL Major Antwerp 2022 Challengers Stage,6384,1,huNter-
https://www.hltv.org/matches/2356106/forze-vs-bad-news-eagles-pgl-major-antwerp-2022-challengers-stage,2356106,https://www.hltv.org/download/demo/71824,71824,"['forze', 'bad-news-eagles']","[8135, 11518]","[[], []]","[[], []]","[['ct'], ['t']]","[[16, 7]]","[9, 6]",['Inferno'],forze,bad-news-eagles,19:05,2022-05-09,1652115900000,PGL Major Antwerp 2022 Challengers Stage,6384,1,Norwi
https://www.hltv.org/matches/2356107/ence-vs-outsiders-pgl-major-antwerp-2022-challengers-stage,2356107,https://www.hltv.org/download/demo/71826,71826,"['ence', 'outsiders']","[4869, 11595]","[['dycha', 'hades', 'snappi', 'maden', 'spinx'], ['buster', 'qikert', 'jame', 'fl1t', 'yekindar']]","[[16080, 16848, 922, 11777, 18221], [11942, 13239, 13776, 12732, 13915]]","[['ct'], ['t']]","[[16, 6]]","[10, 5]",['Vertigo'],ence,outsiders,20:10,2022-05-09,1652119800000,PGL Major Antwerp 2022 Challengers Stage,6384,1,dycha
https://www.hltv.org/matches/2356111/imperial-vs-liquid-pgl-major-antwerp-2022-challengers-stage,2356111,https://www.hltv.org/download/demo/71825,71825,"['imperial', 'liquid']","[9455, 5973]","[['boltz', 'fallen', 'vini', 'fnx', 'fer'], ['nitr0', 'elige', 'osee', 'naf', 'shox']]","[[8568, 2023, 12822, 557, 8564], [7687, 8738, 13249, 8520, 1225]]","[['ct'], ['t']]","[[16, 10]]","[8, 7]",['Inferno'],imperial,liquid,19:40,2022-05-09,1652118000000,PGL Major Antwerp 2022 Challengers Stage,6384,1,fer
https://www.hltv.org/matches/2356107/ence-vs-outsiders-pgl-major-antwerp-2022-challengers-stage,2356107,https://www.hltv.org/download/demo/71826,71826,"['ence', 'outsiders']","[4869, 11595]","[['dycha', 'hades', 'snappi', 'maden', 'spinx'], ['buster', 'qikert', 'jame', 'fl1t', 'yekindar']]","[[16080, 16848, 922, 11777, 18221], [11942, 13239, 13776, 12732, 13915]]","[['ct'], ['t']]","[[16, 6]]","[10, 5]",['Vertigo'],ence,outsiders,20:10,2022-05-09,1652119800000,PGL Major Antwerp 2022 Challengers Stage,6384,1,dycha
https://www.hltv.org/matches/2356108/astralis-vs-vitality-pgl-major-antwerp-2022-challengers-stage,2356108,https://www.hltv.org/download/demo/71827,71827,"['astralis', 'vitality']","[6665, 9565]","[[], []]","[[], []]","[['ct'], ['t']]","[[8, 16]]","[6, 9]",['Mirage'],vitality,astralis,21:20,2022-05-09,1652124000000,PGL Major Antwerp 2022 Challengers Stage,6384,1,blameF
https://www.hltv.org/matches/2356108/astralis-vs-vitality-pgl-major-antwerp-2022-challengers-stage,2356108,https://www.hltv.org/download/demo/71827,71827,"['astralis', 'vitality']","[6665, 9565]","[[], []]","[[], []]","[['ct'], ['t']]","[[8, 16]]","[6, 9]",['Mirage'],vitality,astralis,21:20,2022-05-09,1652124000000,PGL Major Antwerp 2022 Challengers Stage,6384,1,blameF
https://www.hltv.org/matches/2356112/mibr-vs-9z-pgl-major-antwerp-2022-challengers-stage,2356112,https://www.hltv.org/download/demo/71828,71828,"['mibr', '9z']","[9215, 9996]","[[], []]","[[], []]","[['ct'], ['t']]","[[16, 14]]","[7, 8]",['Overpass'],mibr,9z,20:55,2022-05-09,1652122500000,PGL Major Antwerp 2022 Challengers Stage,6384,1,max
https://www.hltv.org/matches/2356098/g2-vs-liquid-pgl-major-antwerp-2022-challengers-stage,2356098,https://www.hltv.org/download/demo/71814,71814,"['g2', 'liquid']","[5995, 5973]","[['niko', 'hunter', 'jackz', 'm0nesy', 'aleksib'], ['nitr0', 'elige', 'osee', 'naf', 'shox']]","[[3741, 3972, 284, 19230, 9816], [7687, 8738, 13249, 8520, 1225]]","[['ct'], ['t']]","[[16, 6]]","[13, 2]",['Inferno'],g2,liquid,13:00,2022-05-09,1652094000000,PGL Major Antwerp 2022 Challengers Stage,6384,1,NiKo
https://www.hltv.org/matches/2356107/ence-vs-outsiders-pgl-major-antwerp-2022-challengers-stage,2356107,https://www.hltv.org/download/demo/71826,71826,"['ence', 'outsiders']","[4869, 11595]","[['dycha', 'hades', 'snappi', 'maden', 'spinx'], ['buster', 'qikert', 'jame', 'fl1t', 'yekindar']]","[[16080, 16848, 922, 11777, 18221], [11942, 13239, 13776, 12732, 13915]]","[['ct'], ['t']]","[[16, 6]]","[10, 5]",['Vertigo'],ence,outsiders,20:10,2022-05-09,1652119800000,PGL Major Antwerp 2022 Challengers Stage,6384,1,dycha
https://www.hltv.org/matches/2356108/astralis-vs-vitality-pgl-major-antwerp-2022-challengers-stage,2356108,https://www.hltv.org/download/demo/71827,71827,"['astralis', 'vitality']","[6665, 9565]","[['xyp9x', 'k0nfig', 'gla1ve', 'farlig', 'blamef'], ['apex', 'zywoo', 'misutaaa', 'dupreeh', 'magisk']]","[[4954, 9078, 7412, 13300, 15165], [7322, 11893, 14176, 7398, 9032]]","[['ct'], ['t']]","[[8, 16]]","[6, 9]",['Mirage'],vitality,astralis,21:20,2022-05-09,1652124000000,PGL Major Antwerp 2022 Challengers Stage,6384,1,ZywOo
https://www.hltv.org/matches/2356097/vitality-vs-complexity-pgl-major-antwerp-2022-challengers-stage,2356097,https://www.hltv.org/download/demo/71813,71813,"['vitality', 'complexity']","[9565, 5005]","[['apex', 'zywoo', 'misutaaa', 'dupreeh', 'magisk'], ['junior', 'grim', 'floppy', 'fang', 'jt']]","[[7322, 11893, 14176, 7398, 9032], [14494, 13578, 12713, 17372, 11630]]","[['ct'], ['t']]","[[16, 1]]","[14, 1]",['Inferno'],vitality,complexity,12:00,2022-05-09,1652090400000,PGL Major Antwerp 2022 Challengers Stage,6384,1,Magisk
https://www.hltv.org/matches/2356101/bad-news-eagles-vs-eternal-fire-pgl-major-antwerp-2022-challengers-stage,2356101,https://www.hltv.org/download/demo/71816,71816,"['bad-news-eagles', 'eternal-fire']","[11518, 11251]","[['sener1', 'juanflatroo', 'sinnopsyy', 'gxx', 'rigon'], ['xantares', 'woxic', 'calyx', 'imorr', 'xfl0ud']]","[[15778, 17147, 18120, 19725, 12708], [7938, 8574, 8575, 15835, 19187]]","[['ct'], ['t']]","[[16, 14]]","[8, 7]",['Dust2'],bad-news-eagles,eternal-fire,12:00,2022-05-09,1652090400000,PGL Major Antwerp 2022 Challengers Stage,6384,1,woxic
https://www.hltv.org/matches/2356098/g2-vs-liquid-pgl-major-antwerp-2022-challengers-stage,2356098,https://www.hltv.org/download/demo/71814,71814,"['g2', 'liquid']","[5995, 5973]","[['niko', 'hunter', 'jackz', 'm0nesy', 'aleksib'], ['nitr0', 'elige', 'osee', 'naf', 'shox']]","[[3741, 3972, 284, 19230, 9816], [7687, 8738, 13249, 8520, 1225]]","[['ct'], ['t']]","[[16, 6]]","[13, 2]",['Inferno'],g2,liquid,13:00,2022-05-09,1652094000000,PGL Major Antwerp 2022 Challengers Stage,6384,1,NiKo
https://www.hltv.org/matches/2356102/forze-vs-renegades-pgl-major-antwerp-2022-challengers-stage,2356102,https://www.hltv.org/download/demo/71817,71817,"['forze', 'renegades']","[8135, 6211]","[['jerry', 'zorte', 'shalfey', 'kensi', 'norwi'], ['liazz', 'sico', 'alistair', 'ins', 'hatz']]","[[13157, 15662, 17011, 19236, 19882], [10588, 9102, 11139, 11140, 11162]]","[['ct'], ['t']]","[[16, 9]]","[13, 2]",['Nuke'],forze,renegades,13:30,2022-05-09,1652095800000,PGL Major Antwerp 2022 Challengers Stage,6384,1,KENSI
https://www.hltv.org/matches/2356099/astralis-vs-ihc-pgl-major-antwerp-2022-challengers-stage,2356099,https://www.hltv.org/download/demo/71815,71815,"['astralis', 'ihc']","[6665, 11585]","[['xyp9x', 'k0nfig', 'gla1ve', 'farlig', 'blamef'], ['kabal', 'nin9', 'sk0r', 'blitz', 'techno']]","[[4954, 9078, 7412, 13300, 15165], [10870, 15072, 18638, 20194, 20275]]","[['ct'], ['t']]","[[16, 2]]","[13, 2]",['Nuke'],astralis,ihc,14:05,2022-05-09,1652097900000,PGL Major Antwerp 2022 Challengers Stage,6384,1,Xyp9x
https://www.hltv.org/matches/2356103/imperial-vs-spirit-pgl-major-antwerp-2022-challengers-stage,2356103,https://www.hltv.org/download/demo/71818,71818,"['imperial', 'spirit']","[9455, 7020]","[['boltz', 'fallen', 'vini', 'fnx', 'fer'], ['chopper', 'degster', 'magixx', 's1ren', 'patsi']]","[[8568, 2023, 12822, 557, 8564], [7716, 17306, 18317, 18506, 19673]]","[['ct'], ['t']]","[[6, 16]]","[5, 10]",['Dust2'],spirit,imperial,14:50,2022-05-09,1652100600000,PGL Major Antwerp 2022 Challengers Stage,6384,1,degster
https://www.hltv.org/matches/2356100/mibr-vs-outsiders-pgl-major-antwerp-2022-challengers-stage,2356100,https://www.hltv.org/download/demo/71820,71820,"['mibr', 'outsiders']","[9215, 11595]","[['chelo', 'exit', 'wood7', 'jota', 'tuurtle'], ['buster', 'qikert', 'jame', 'fl1t', 'yekindar']]","[[10566, 11154, 14390, 17861, 14394], [11942, 13239, 13776, 12732, 13915]]","[['ct'], ['t']]","[[14, 16]]","[7, 8]",['Dust2'],outsiders,mibr,15:30,2022-05-09,1652103000000,PGL Major Antwerp 2022 Challengers Stage,6384,1,Qikert
https://www.hltv.org/matches/2356104/ence-vs-9z-pgl-major-antwerp-2022-challengers-stage,2356104,https://www.hltv.org/download/demo/71819,71819,"['ence', '9z']","[4869, 9996]","[['dycha', 'hades', 'snappi', 'maden', 'spinx'], ['rox', 'luken', 'dgt', 'dav1d', 'max']]","[[16080, 16848, 922, 11777, 18221], [16067, 15914, 14736, 18865, 12092]]","[['ct'], ['t']]","[[16, 7]]","[9, 6]",['Mirage'],ence,9z,16:05,2022-05-09,1652105100000,PGL Major Antwerp 2022 Challengers Stage,6384,1,Spinx
https://www.hltv.org/matches/2356109/eternal-fire-vs-renegades-pgl-major-antwerp-2022-challengers-stage,2356109,https://www.hltv.org/download/demo/71821,71821,"['eternal-fire', 'renegades']","[11251, 6211]","[['xantares', 'woxic', 'calyx', 'imorr', 'xfl0ud'], ['liazz', 'sico', 'alistair', 'ins', 'hatz']]","[[7938, 8574, 8575, 15835, 19187], [10588, 9102, 11139, 11140, 11162]]","[['ct'], ['t']]","[[16, 2]]","[13, 2]",['Vertigo'],eternal-fire,renegades,17:30,2022-05-09,1652110200000,PGL Major Antwerp 2022 Challengers Stage,6384,1,xfl0ud
https://www.hltv.org/matches/2356105/g2-vs-spirit-pgl-major-antwerp-2022-challengers-stage,2356105,https://www.hltv.org/download/demo/71823,71823,"['g2', 'spirit']","[5995, 7020]","[['niko', 'hunter', 'jackz', 'm0nesy', 'aleksib'], ['chopper', 'degster', 'magixx', 's1ren', 'patsi']]","[[3741, 3972, 284, 19230, 9816], [7716, 17306, 18317, 18506, 19673]]","[['ct'], ['t']]","[[19, 17]]","[11, 4]",['Dust2'],g2,spirit,17:30,2022-05-09,1652110200000,PGL Major Antwerp 2022 Challengers Stage,6384,1,huNter-
https://www.hltv.org/matches/2356110/complexity-vs-ihc-pgl-major-antwerp-2022-challengers-stage,2356110,https://www.hltv.org/download/demo/71822,71822,"['complexity', 'ihc']","[5005, 11585]","[['junior', 'grim', 'floppy', 'fang', 'jt'], ['kabal', 'nin9', 'sk0r', 'blitz', 'techno']]","[[14494, 13578, 12713, 17372, 11630], [10870, 15072, 18638, 20194, 20275]]","[['ct'], ['t']]","[[16, 13]]","[7, 8]",['Nuke'],complexity,ihc,18:30,2022-05-09,1652113800000,PGL Major Antwerp 2022 Challengers Stage,6384,1,bLitz
https://www.hltv.org/matches/2356106/forze-vs-bad-news-eagles-pgl-major-antwerp-2022-challengers-stage,2356106,https://www.hltv.org/download/demo/71824,71824,"['forze', 'bad-news-eagles']","[8135, 11518]","[['jerry', 'zorte', 'shalfey', 'kensi', 'norwi'], ['sener1', 'juanflatroo', 'sinnopsyy', 'gxx', 'rigon']]","[[13157, 15662, 17011, 19236, 19882], [15778, 17147, 18120, 19725, 12708]]","[['ct'], ['t']]","[[16, 7]]","[9, 6]",['Inferno'],forze,bad-news-eagles,19:05,2022-05-09,1652115900000,PGL Major Antwerp 2022 Challengers Stage,6384,1,Norwi
https://www.hltv.org/matches/2356111/imperial-vs-liquid-pgl-major-antwerp-2022-challengers-stage,2356111,https://www.hltv.org/download/demo/71825,71825,"['imperial', 'liquid']","[9455, 5973]","[['boltz', 'fallen', 'vini', 'fnx', 'fer'], ['nitr0', 'elige', 'osee', 'naf', 'shox']]","[[8568, 2023, 12822, 557, 8564], [7687, 8738, 13249, 8520, 1225]]","[['ct'], ['t']]","[[16, 10]]","[8, 7]",['Inferno'],imperial,liquid,19:40,2022-05-09,1652118000000,PGL Major Antwerp 2022 Challengers Stage,6384,1,fer
https://www.hltv.org/matches/2356107/ence-vs-outsiders-pgl-major-antwerp-2022-challengers-stage,2356107,https://www.hltv.org/download/demo/71826,71826,"['ence', 'outsiders']","[4869, 11595]","[['dycha', 'hades', 'snappi', 'maden', 'spinx'], ['buster', 'qikert', 'jame', 'fl1t', 'yekindar']]","[[16080, 16848, 922, 11777, 18221], [11942, 13239, 13776, 12732, 13915]]","[['ct'], ['t']]","[[16, 6]]","[10, 5]",['Vertigo'],ence,outsiders,20:10,2022-05-09,1652119800000,PGL Major Antwerp 2022 Challengers Stage,6384,1,dycha
https://www.hltv.org/matches/2356108/astralis-vs-vitality-pgl-major-antwerp-2022-challengers-stage,2356108,https://www.hltv.org/download/demo/71827,71827,"['astralis', 'vitality']","[6665, 9565]","[['xyp9x', 'k0nfig', 'gla1ve', 'farlig', 'blamef'], ['apex', 'zywoo', 'misutaaa', 'dupreeh', 'magisk']]","[[4954, 9078, 7412, 13300, 15165], [7322, 11893, 14176, 7398, 9032]]","[['ct'], ['t']]","[[8, 16]]","[6, 9]",['Mirage'],vitality,astralis,21:20,2022-05-09,1652124000000,PGL Major Antwerp 2022 Challengers Stage,6384,1,ZywOo
https://www.hltv.org/matches/2356112/mibr-vs-9z-pgl-major-antwerp-2022-challengers-stage,2356112,https://www.hltv.org/download/demo/71828,71828,"['mibr', '9z']","[9215, 9996]","[['chelo', 'exit', 'wood7', 'jota', 'tuurtle'], ['rox', 'luken', 'dgt', 'dav1d', 'max']]","[[10566, 11154, 14390, 17861, 14394], [16067, 15914, 14736, 18865, 12092]]","[['ct'], ['t']]","[[16, 14]]","[7, 8]",['Overpass'],mibr,9z,20:55,2022-05-09,1652122500000,PGL Major Antwerp 2022 Challengers Stage,6384,1,max
https://www.hltv.org/matches/2356098/g2-vs-liquid-pgl-major-antwerp-2022-challengers-stage,2356098,https://www.hltv.org/download/demo/71814,71814,"['g2', 'liquid']","[5995, 5973]",,,"[['ct'], ['t']]","[[16, 6]]","[13, 2]",['Inferno'],g2,liquid,,,,,,1,
https://www.hltv.org/matches/2356098/g2-vs-liquid-pgl-major-antwerp-2022-challengers-stage,2356098,https://www.hltv.org/download/demo/71814,71814,"['g2', 'liquid']","[5995, 5973]",,,"[['ct'], ['t']]","[[16, 6]]","[13, 2]",['Inferno'],g2,liquid,,,,,,1,
https://www.hltv.org/matches/2356098/g2-vs-liquid-pgl-major-antwerp-2022-challengers-stage,2356098,https://www.hltv.org/download/demo/71814,71814,"['g2', 'liquid']","[5995, 5973]","[['niko', 'hunter', 'jackz', 'm0nesy', 'aleksib'], ['nitr0', 'elige', 'osee', 'naf', 'shox']]","[[3741, 3972, 284, 19230, 9816], [7687, 8738, 13249, 8520, 1225]]","[['ct'], ['t']]","[[16, 6]]","[13, 2]",['Inferno'],g2,liquid,13:00,2022-05-09,1652094000000,PGL Major Antwerp 2022 Challengers Stage,6384,1,NiKo
https://www.hltv.org/matches/2356107/ence-vs-outsiders-pgl-major-antwerp-2022-challengers-stage,2356107,https://www.hltv.org/download/demo/71826,71826,"['ence', 'outsiders']","[4869, 11595]","[['dycha', 'hades', 'snappi', 'maden', 'spinx'], ['buster', 'qikert', 'jame', 'fl1t', 'yekindar']]","[[16080, 16848, 922, 11777, 18221], [11942, 13239, 13776, 12732, 13915]]","[['ct'], ['t']]","[[16, 6]]","[10, 5]",['Vertigo'],ence,outsiders,20:10,2022-05-09,1652119800000,PGL Major Antwerp 2022 Challengers Stage,6384,1,dycha
https://www.hltv.org/matches/2356108/astralis-vs-vitality-pgl-major-antwerp-2022-challengers-stage,2356108,https://www.hltv.org/download/demo/71827,71827,"['astralis', 'vitality']","[6665, 9565]","[['xyp9x', 'k0nfig', 'gla1ve', 'farlig', 'blamef'], ['apex', 'zywoo', 'misutaaa', 'dupreeh', 'magisk']]","[[4954, 9078, 7412, 13300, 15165], [7322, 11893, 14176, 7398, 9032]]","[['ct'], ['t']]","[[8, 16]]","[6, 9]",['Mirage'],vitality,astralis,21:20,2022-05-09,1652124000000,PGL Major Antwerp 2022 Challengers Stage,6384,1,ZywOo
https://www.hltv.org/matches/2356097/vitality-vs-complexity-pgl-major-antwerp-2022-challengers-stage,2356097,https://www.hltv.org/download/demo/71813,71813,"['vitality', 'complexity']","[9565, 5005]","[['apex', 'zywoo', 'misutaaa', 'dupreeh', 'magisk'], ['junior', 'grim', 'floppy', 'fang', 'jt']]","[[7322, 11893, 14176, 7398, 9032], [14494, 13578, 12713, 17372, 11630]]","[['ct'], ['t']]","[[16, 1]]","[14, 1]",['Inferno'],vitality,complexity,12:00,2022-05-09,1652090400000,PGL Major Antwerp 2022 Challengers Stage,6384,1,Magisk
https://www.hltv.org/matches/2356101/bad-news-eagles-vs-eternal-fire-pgl-major-antwerp-2022-challengers-stage,2356101,https://www.hltv.org/download/demo/71816,71816,"['bad-news-eagles', 'eternal-fire']","[11518, 11251]","[['sener1', 'juanflatroo', 'sinnopsyy', 'gxx', 'rigon'], ['xantares', 'woxic', 'calyx', 'imorr', 'xfl0ud']]","[[15778, 17147, 18120, 19725, 12708], [7938, 8574, 8575, 15835, 19187]]","[['ct'], ['t']]","[[16, 14]]","[8, 7]",['Dust2'],bad-news-eagles,eternal-fire,12:00,2022-05-09,1652090400000,PGL Major Antwerp 2022 Challengers Stage,6384,1,woxic
https://www.hltv.org/matches/2356098/g2-vs-liquid-pgl-major-antwerp-2022-challengers-stage,2356098,https://www.hltv.org/download/demo/71814,71814,"['g2', 'liquid']","[5995, 5973]","[['niko', 'hunter', 'jackz', 'm0nesy', 'aleksib'], ['nitr0', 'elige', 'osee', 'naf', 'shox']]","[[3741, 3972, 284, 19230, 9816], [7687, 8738, 13249, 8520, 1225]]","[['ct'], ['t']]","[[16, 6]]","[13, 2]",['Inferno'],g2,liquid,13:00,2022-05-09,1652094000000,PGL Major Antwerp 2022 Challengers Stage,6384,1,NiKo
https://www.hltv.org/matches/2356102/forze-vs-renegades-pgl-major-antwerp-2022-challengers-stage,2356102,https://www.hltv.org/download/demo/71817,71817,"['forze', 'renegades']","[8135, 6211]","[['jerry', 'zorte', 'shalfey', 'kensi', 'norwi'], ['liazz', 'sico', 'alistair', 'ins', 'hatz']]","[[13157, 15662, 17011, 19236, 19882], [10588, 9102, 11139, 11140, 11162]]","[['ct'], ['t']]","[[16, 9]]","[13, 2]",['Nuke'],forze,renegades,13:30,2022-05-09,1652095800000,PGL Major Antwerp 2022 Challengers Stage,6384,1,KENSI
https://www.hltv.org/matches/2356099/astralis-vs-ihc-pgl-major-antwerp-2022-challengers-stage,2356099,https://www.hltv.org/download/demo/71815,71815,"['astralis', 'ihc']","[6665, 11585]","[['xyp9x', 'k0nfig', 'gla1ve', 'farlig', 'blamef'], ['kabal', 'nin9', 'sk0r', 'blitz', 'techno']]","[[4954, 9078, 7412, 13300, 15165], [10870, 15072, 18638, 20194, 20275]]","[['ct'], ['t']]","[[16, 2]]","[13, 2]",['Nuke'],astralis,ihc,14:05,2022-05-09,1652097900000,PGL Major Antwerp 2022 Challengers Stage,6384,1,Xyp9x
https://www.hltv.org/matches/2356103/imperial-vs-spirit-pgl-major-antwerp-2022-challengers-stage,2356103,https://www.hltv.org/download/demo/71818,71818,"['imperial', 'spirit']","[9455, 7020]","[['boltz', 'fallen', 'vini', 'fnx', 'fer'], ['chopper', 'degster', 'magixx', 's1ren', 'patsi']]","[[8568, 2023, 12822, 557, 8564], [7716, 17306, 18317, 18506, 19673]]","[['ct'], ['t']]","[[6, 16]]","[5, 10]",['Dust2'],spirit,imperial,14:50,2022-05-09,1652100600000,PGL Major Antwerp 2022 Challengers Stage,6384,1,degster
https://www.hltv.org/matches/2356100/mibr-vs-outsiders-pgl-major-antwerp-2022-challengers-stage,2356100,https://www.hltv.org/download/demo/71820,71820,"['mibr', 'outsiders']","[9215, 11595]","[['chelo', 'exit', 'wood7', 'jota', 'tuurtle'], ['buster', 'qikert', 'jame', 'fl1t', 'yekindar']]","[[10566, 11154, 14390, 17861, 14394], [11942, 13239, 13776, 12732, 13915]]","[['ct'], ['t']]","[[14, 16]]","[7, 8]",['Dust2'],outsiders,mibr,15:30,2022-05-09,1652103000000,PGL Major Antwerp 2022 Challengers Stage,6384,1,Qikert
https://www.hltv.org/matches/2356104/ence-vs-9z-pgl-major-antwerp-2022-challengers-stage,2356104,https://www.hltv.org/download/demo/71819,71819,"['ence', '9z']","[4869, 9996]","[['dycha', 'hades', 'snappi', 'maden', 'spinx'], ['rox', 'luken', 'dgt', 'dav1d', 'max']]","[[16080, 16848, 922, 11777, 18221], [16067, 15914, 14736, 18865, 12092]]","[['ct'], ['t']]","[[16, 7]]","[9, 6]",['Mirage'],ence,9z,16:05,2022-05-09,1652105100000,PGL Major Antwerp 2022 Challengers Stage,6384,1,Spinx
https://www.hltv.org/matches/2356109/eternal-fire-vs-renegades-pgl-major-antwerp-2022-challengers-stage,2356109,https://www.hltv.org/download/demo/71821,71821,"['eternal-fire', 'renegades']","[11251, 6211]","[['xantares', 'woxic', 'calyx', 'imorr', 'xfl0ud'], ['liazz', 'sico', 'alistair', 'ins', 'hatz']]","[[7938, 8574, 8575, 15835, 19187], [10588, 9102, 11139, 11140, 11162]]","[['ct'], ['t']]","[[16, 2]]","[13, 2]",['Vertigo'],eternal-fire,renegades,17:30,2022-05-09,1652110200000,PGL Major Antwerp 2022 Challengers Stage,6384,1,xfl0ud
https://www.hltv.org/matches/2356105/g2-vs-spirit-pgl-major-antwerp-2022-challengers-stage,2356105,https://www.hltv.org/download/demo/71823,71823,"['g2', 'spirit']","[5995, 7020]","[['niko', 'hunter', 'jackz', 'm0nesy', 'aleksib'], ['chopper', 'degster', 'magixx', 's1ren', 'patsi']]","[[3741, 3972, 284, 19230, 9816], [7716, 17306, 18317, 18506, 19673]]","[['ct'], ['t']]","[[19, 17]]","[11, 4]",['Dust2'],g2,spirit,17:30,2022-05-09,1652110200000,PGL Major Antwerp 2022 Challengers Stage,6384,1,huNter-
https://www.hltv.org/matches/2356110/complexity-vs-ihc-pgl-major-antwerp-2022-challengers-stage,2356110,https://www.hltv.org/download/demo/71822,71822,"['complexity', 'ihc']","[5005, 11585]","[['junior', 'grim', 'floppy', 'fang', 'jt'], ['kabal', 'nin9', 'sk0r', 'blitz', 'techno']]","[[14494, 13578, 12713, 17372, 11630], [10870, 15072, 18638, 20194, 20275]]","[['ct'], ['t']]","[[16, 13]]","[7, 8]",['Nuke'],complexity,ihc,18:30,2022-05-09,1652113800000,PGL Major Antwerp 2022 Challengers Stage,6384,1,bLitz
https://www.hltv.org/matches/2356106/forze-vs-bad-news-eagles-pgl-major-antwerp-2022-challengers-stage,2356106,https://www.hltv.org/download/demo/71824,71824,"['forze', 'bad-news-eagles']","[8135, 11518]","[['jerry', 'zorte', 'shalfey', 'kensi', 'norwi'], ['sener1', 'juanflatroo', 'sinnopsyy', 'gxx', 'rigon']]","[[13157, 15662, 17011, 19236, 19882], [15778, 17147, 18120, 19725, 12708]]","[['ct'], ['t']]","[[16, 7]]","[9, 6]",['Inferno'],forze,bad-news-eagles,19:05,2022-05-09,1652115900000,PGL Major Antwerp 2022 Challengers Stage,6384,1,Norwi
https://www.hltv.org/matches/2356111/imperial-vs-liquid-pgl-major-antwerp-2022-challengers-stage,2356111,https://www.hltv.org/download/demo/71825,71825,"['imperial', 'liquid']","[9455, 5973]","[['boltz', 'fallen', 'vini', 'fnx', 'fer'], ['nitr0', 'elige', 'osee', 'naf', 'shox']]","[[8568, 2023, 12822, 557, 8564], [7687, 8738, 13249, 8520, 1225]]","[['ct'], ['t']]","[[16, 10]]","[8, 7]",['Inferno'],imperial,liquid,19:40,2022-05-09,1652118000000,PGL Major Antwerp 2022 Challengers Stage,6384,1,fer
https://www.hltv.org/matches/2356107/ence-vs-outsiders-pgl-major-antwerp-2022-challengers-stage,2356107,https://www.hltv.org/download/demo/71826,71826,"['ence', 'outsiders']","[4869, 11595]","[['dycha', 'hades', 'snappi', 'maden', 'spinx'], ['buster', 'qikert', 'jame', 'fl1t', 'yekindar']]","[[16080, 16848, 922, 11777, 18221], [11942, 13239, 13776, 12732, 13915]]","[['ct'], ['t']]","[[16, 6]]","[10, 5]",['Vertigo'],ence,outsiders,20:10,2022-05-09,1652119800000,PGL Major Antwerp 2022 Challengers Stage,6384,1,dycha
https://www.hltv.org/matches/2356108/astralis-vs-vitality-pgl-major-antwerp-2022-challengers-stage,2356108,https://www.hltv.org/download/demo/71827,71827,"['astralis', 'vitality']","[6665, 9565]","[['xyp9x', 'k0nfig', 'gla1ve', 'farlig', 'blamef'], ['apex', 'zywoo', 'misutaaa', 'dupreeh', 'magisk']]","[[4954, 9078, 7412, 13300, 15165], [7322, 11893, 14176, 7398, 9032]]","[['ct'], ['t']]","[[8, 16]]","[6, 9]",['Mirage'],vitality,astralis,21:20,2022-05-09,1652124000000,PGL Major Antwerp 2022 Challengers Stage,6384,1,ZywOo
https://www.hltv.org/matches/2356112/mibr-vs-9z-pgl-major-antwerp-2022-challengers-stage,2356112,https://www.hltv.org/download/demo/71828,71828,"['mibr', '9z']","[9215, 9996]","[['chelo', 'exit', 'wood7', 'jota', 'tuurtle'], ['rox', 'luken', 'dgt', 'dav1d', 'max']]","[[10566, 11154, 14390, 17861, 14394], [16067, 15914, 14736, 18865, 12092]]","[['ct'], ['t']]","[[16, 14]]","[7, 8]",['Overpass'],mibr,9z,20:55,2022-05-09,1652122500000,PGL Major Antwerp 2022 Challengers Stage,6384,1,max
https://www.hltv.org/matches/2356098/g2-vs-liquid-pgl-major-antwerp-2022-challengers-stage,2356098,https://www.hltv.org/download/demo/71814,71814,"['g2', 'liquid']","[5995, 5973]","[['niko', 'hunter', 'jackz', 'm0nesy', 'aleksib'], ['nitr0', 'elige', 'osee', 'naf', 'shox']]","[[3741, 3972, 284, 19230, 9816], [7687, 8738, 13249, 8520, 1225]]","[['ct'], ['t']]","[[16, 6]]","[13, 2]",['Inferno'],g2,liquid,13:00,2022-05-09,1652094000000,PGL Major Antwerp 2022 Challengers Stage,6384,1,NiKo
https://www.hltv.org/matches/2356107/ence-vs-outsiders-pgl-major-antwerp-2022-challengers-stage,2356107,https://www.hltv.org/download/demo/71826,71826,"['ence', 'outsiders']","[4869, 11595]","[['dycha', 'hades', 'snappi', 'maden', 'spinx'], ['buster', 'qikert', 'jame', 'fl1t', 'yekindar']]","[[16080, 16848, 922, 11777, 18221], [11942, 13239, 13776, 12732, 13915]]","[['ct'], ['t']]","[[16, 6]]","[10, 5]",['Vertigo'],ence,outsiders,20:10,2022-05-09,1652119800000,PGL Major Antwerp 2022 Challengers Stage,6384,1,dycha
https://www.hltv.org/matches/2356108/astralis-vs-vitality-pgl-major-antwerp-2022-challengers-stage,2356108,https://www.hltv.org/download/demo/71827,71827,"['astralis', 'vitality']","[6665, 9565]","[['xyp9x', 'k0nfig', 'gla1ve', 'farlig', 'blamef'], ['apex', 'zywoo', 'misutaaa', 'dupreeh', 'magisk']]","[[4954, 9078, 7412, 13300, 15165], [7322, 11893, 14176, 7398, 9032]]","[['ct'], ['t']]","[[8, 16]]","[6, 9]",['Mirage'],vitality,astralis,21:20,2022-05-09,1652124000000,PGL Major Antwerp 2022 Challengers Stage,6384,1,ZywOo
https://www.hltv.org/matches/2356097/vitality-vs-complexity-pgl-major-antwerp-2022-challengers-stage,2356097,https://www.hltv.org/download/demo/71813,71813,"['vitality', 'complexity']","[9565, 5005]","[['apex', 'zywoo', 'misutaaa', 'dupreeh', 'magisk'], ['junior', 'grim', 'floppy', 'fang', 'jt']]","[[7322, 11893, 14176, 7398, 9032], [14494, 13578, 12713, 17372, 11630]]","[['ct'], ['t']]","[[16, 1]]","[14, 1]",['Inferno'],vitality,complexity,12:00,2022-05-09,1652090400000,PGL Major Antwerp 2022 Challengers Stage,6384,1,Magisk
https://www.hltv.org/matches/2356101/bad-news-eagles-vs-eternal-fire-pgl-major-antwerp-2022-challengers-stage,2356101,https://www.hltv.org/download/demo/71816,71816,"['bad-news-eagles', 'eternal-fire']","[11518, 11251]","[['sener1', 'juanflatroo', 'sinnopsyy', 'gxx', 'rigon'], ['xantares', 'woxic', 'calyx', 'imorr', 'xfl0ud']]","[[15778, 17147, 18120, 19725, 12708], [7938, 8574, 8575, 15835, 19187]]","[['ct'], ['t']]","[[16, 14]]","[8, 7]",['Dust2'],bad-news-eagles,eternal-fire,12:00,2022-05-09,1652090400000,PGL Major Antwerp 2022 Challengers Stage,6384,1,woxic
https://www.hltv.org/matches/2356098/g2-vs-liquid-pgl-major-antwerp-2022-challengers-stage,2356098,https://www.hltv.org/download/demo/71814,71814,"['g2', 'liquid']","[5995, 5973]","[['niko', 'hunter', 'jackz', 'm0nesy', 'aleksib'], ['nitr0', 'elige', 'osee', 'naf', 'shox']]","[[3741, 3972, 284, 19230, 9816], [7687, 8738, 13249, 8520, 1225]]","[['ct'], ['t']]","[[16, 6]]","[13, 2]",['Inferno'],g2,liquid,13:00,2022-05-09,1652094000000,PGL Major Antwerp 2022 Challengers Stage,6384,1,NiKo
https://www.hltv.org/matches/2356102/forze-vs-renegades-pgl-major-antwerp-2022-challengers-stage,2356102,https://www.hltv.org/download/demo/71817,71817,"['forze', 'renegades']","[8135, 6211]","[['jerry', 'zorte', 'shalfey', 'kensi', 'norwi'], ['liazz', 'sico', 'alistair', 'ins', 'hatz']]","[[13157, 15662, 17011, 19236, 19882], [10588, 9102, 11139, 11140, 11162]]","[['ct'], ['t']]","[[16, 9]]","[13, 2]",['Nuke'],forze,renegades,13:30,2022-05-09,1652095800000,PGL Major Antwerp 2022 Challengers Stage,6384,1,KENSI
https://www.hltv.org/matches/2356099/astralis-vs-ihc-pgl-major-antwerp-2022-challengers-stage,2356099,https://www.hltv.org/download/demo/71815,71815,"['astralis', 'ihc']","[6665, 11585]","[['xyp9x', 'k0nfig', 'gla1ve', 'farlig', 'blamef'], ['kabal', 'nin9', 'sk0r', 'blitz', 'techno']]","[[4954, 9078, 7412, 13300, 15165], [10870, 15072, 18638, 20194, 20275]]","[['ct'], ['t']]","[[16, 2]]","[13, 2]",['Nuke'],astralis,ihc,14:05,2022-05-09,1652097900000,PGL Major Antwerp 2022 Challengers Stage,6384,1,Xyp9x
https://www.hltv.org/matches/2356103/imperial-vs-spirit-pgl-major-antwerp-2022-challengers-stage,2356103,https://www.hltv.org/download/demo/71818,71818,"['imperial', 'spirit']","[9455, 7020]","[['boltz', 'fallen', 'vini', 'fnx', 'fer'], ['chopper', 'degster', 'magixx', 's1ren', 'patsi']]","[[8568, 2023, 12822, 557, 8564], [7716, 17306, 18317, 18506, 19673]]","[['ct'], ['t']]","[[6, 16]]","[5, 10]",['Dust2'],spirit,imperial,14:50,2022-05-09,1652100600000,PGL Major Antwerp 2022 Challengers Stage,6384,1,degster
https://www.hltv.org/matches/2356098/g2-vs-liquid-pgl-major-antwerp-2022-challengers-stage,2356098,https://www.hltv.org/download/demo/71814,71814,"['g2', 'liquid']","[5995, 5973]","[['niko', 'hunter', 'jackz', 'm0nesy', 'aleksib'], ['nitr0', 'elige', 'osee', 'naf', 'shox']]","[[3741, 3972, 284, 19230, 9816], [7687, 8738, 13249, 8520, 1225]]","[['ct'], ['t']]","[[16, 6]]","[13, 2]",['Inferno'],g2,liquid,13:00,2022-05-09,1652094000000,PGL Major Antwerp 2022 Challengers Stage,6384,1,NiKo
https://www.hltv.org/matches/2356107/ence-vs-outsiders-pgl-major-antwerp-2022-challengers-stage,2356107,https://www.hltv.org/download/demo/71826,71826,"['ence', 'outsiders']","[4869, 11595]","[['dycha', 'hades', 'snappi', 'maden', 'spinx'], ['buster', 'qikert', 'jame', 'fl1t', 'yekindar']]","[[16080, 16848, 922, 11777, 18221], [11942, 13239, 13776, 12732, 13915]]","[['ct'], ['t']]","[[16, 6]]","[10, 5]",['Vertigo'],ence,outsiders,20:10,2022-05-09,1652119800000,PGL Major Antwerp 2022 Challengers Stage,6384,1,dycha
https://www.hltv.org/matches/2356108/astralis-vs-vitality-pgl-major-antwerp-2022-challengers-stage,2356108,https://www.hltv.org/download/demo/71827,71827,"['astralis', 'vitality']","[6665, 9565]","[['xyp9x', 'k0nfig', 'gla1ve', 'farlig', 'blamef'], ['apex', 'zywoo', 'misutaaa', 'dupreeh', 'magisk']]","[[4954, 9078, 7412, 13300, 15165], [7322, 11893, 14176, 7398, 9032]]","[['ct'], ['t']]","[[8, 16]]","[6, 9]",['Mirage'],vitality,astralis,21:20,2022-05-09,1652124000000,PGL Major Antwerp 2022 Challengers Stage,6384,1,ZywOo
https://www.hltv.org/matches/2356097/vitality-vs-complexity-pgl-major-antwerp-2022-challengers-stage,2356097,https://www.hltv.org/download/demo/71813,71813,"['vitality', 'complexity']","[9565, 5005]","[['apex', 'zywoo', 'misutaaa', 'dupreeh', 'magisk'], ['junior', 'grim', 'floppy', 'fang', 'jt']]","[[7322, 11893, 14176, 7398, 9032], [14494, 13578, 12713, 17372, 11630]]","[['ct'], ['t']]","[[16, 1]]","[14, 1]",['Inferno'],vitality,complexity,12:00,2022-05-09,1652090400000,PGL Major Antwerp 2022 Challengers Stage,6384,1,Magisk
https://www.hltv.org/matches/2356101/bad-news-eagles-vs-eternal-fire-pgl-major-antwerp-2022-challengers-stage,2356101,https://www.hltv.org/download/demo/71816,71816,"['bad-news-eagles', 'eternal-fire']","[11518, 11251]","[['sener1', 'juanflatroo', 'sinnopsyy', 'gxx', 'rigon'], ['xantares', 'woxic', 'calyx', 'imorr', 'xfl0ud']]","[[15778, 17147, 18120, 19725, 12708], [7938, 8574, 8575, 15835, 19187]]","[['ct'], ['t']]","[[16, 14]]","[8, 7]",['Dust2'],bad-news-eagles,eternal-fire,12:00,2022-05-09,1652090400000,PGL Major Antwerp 2022 Challengers Stage,6384,1,woxic
https://www.hltv.org/matches/2356098/g2-vs-liquid-pgl-major-antwerp-2022-challengers-stage,2356098,https://www.hltv.org/download/demo/71814,71814,"['g2', 'liquid']","[5995, 5973]","[['niko', 'hunter', 'jackz', 'm0nesy', 'aleksib'], ['nitr0', 'elige', 'osee', 'naf', 'shox']]","[[3741, 3972, 284, 19230, 9816], [7687, 8738, 13249, 8520, 1225]]","[['ct'], ['t']]","[[16, 6]]","[13, 2]",['Inferno'],g2,liquid,13:00,2022-05-09,1652094000000,PGL Major Antwerp 2022 Challengers Stage,6384,1,NiKo
https://www.hltv.org/matches/2356102/forze-vs-renegades-pgl-major-antwerp-2022-challengers-stage,2356102,https://www.hltv.org/download/demo/71817,71817,"['forze', 'renegades']","[8135, 6211]","[['jerry', 'zorte', 'shalfey', 'kensi', 'norwi'], ['liazz', 'sico', 'alistair', 'ins', 'hatz']]","[[13157, 15662, 17011, 19236, 19882], [10588, 9102, 11139, 11140, 11162]]","[['ct'], ['t']]","[[16, 9]]","[13, 2]",['Nuke'],forze,renegades,13:30,2022-05-09,1652095800000,PGL Major Antwerp 2022 Challengers Stage,6384,1,KENSI
https://www.hltv.org/matches/2356099/astralis-vs-ihc-pgl-major-antwerp-2022-challengers-stage,2356099,https://www.hltv.org/download/demo/71815,71815,"['astralis', 'ihc']","[6665, 11585]","[['xyp9x', 'k0nfig', 'gla1ve', 'farlig', 'blamef'], ['kabal', 'nin9', 'sk0r', 'blitz', 'techno']]","[[4954, 9078, 7412, 13300, 15165], [10870, 15072, 18638, 20194, 20275]]","[['ct'], ['t']]","[[16, 2]]","[13, 2]",['Nuke'],astralis,ihc,14:05,2022-05-09,1652097900000,PGL Major Antwerp 2022 Challengers Stage,6384,1,Xyp9x
https://www.hltv.org/matches/2356103/imperial-vs-spirit-pgl-major-antwerp-2022-challengers-stage,2356103,https://www.hltv.org/download/demo/71818,71818,"['imperial', 'spirit']","[9455, 7020]","[['boltz', 'fallen', 'vini', 'fnx', 'fer'], ['chopper', 'degster', 'magixx', 's1ren', 'patsi']]","[[8568, 2023, 12822, 557, 8564], [7716, 17306, 18317, 18506, 19673]]","[['ct'], ['t']]","[[6, 16]]","[5, 10]",['Dust2'],spirit,imperial,14:50,2022-05-09,1652100600000,PGL Major Antwerp 2022 Challengers Stage,6384,1,degster
https://www.hltv.org/matches/2356100/mibr-vs-outsiders-pgl-major-antwerp-2022-challengers-stage,2356100,https://www.hltv.org/download/demo/71820,71820,"['mibr', 'outsiders']","[9215, 11595]","[['chelo', 'exit', 'wood7', 'jota', 'tuurtle'], ['buster', 'qikert', 'jame', 'fl1t', 'yekindar']]","[[10566, 11154, 14390, 17861, 14394], [11942, 13239, 13776, 12732, 13915]]","[['ct'], ['t']]","[[14, 16]]","[7, 8]",['Dust2'],outsiders,mibr,15:30,2022-05-09,1652103000000,PGL Major Antwerp 2022 Challengers Stage,6384,1,Qikert
https://www.hltv.org/matches/2356104/ence-vs-9z-pgl-major-antwerp-2022-challengers-stage,2356104,https://www.hltv.org/download/demo/71819,71819,"['ence', '9z']","[4869, 9996]","[['dycha', 'hades', 'snappi', 'maden', 'spinx'], ['rox', 'luken', 'dgt', 'dav1d', 'max']]","[[16080, 16848, 922, 11777, 18221], [16067, 15914, 14736, 18865, 12092]]","[['ct'], ['t']]","[[16, 7]]","[9, 6]",['Mirage'],ence,9z,16:05,2022-05-09,1652105100000,PGL Major Antwerp 2022 Challengers Stage,6384,1,Spinx
https://www.hltv.org/matches/2356109/eternal-fire-vs-renegades-pgl-major-antwerp-2022-challengers-stage,2356109,https://www.hltv.org/download/demo/71821,71821,"['eternal-fire', 'renegades']","[11251, 6211]","[['xantares', 'woxic', 'calyx', 'imorr', 'xfl0ud'], ['liazz', 'sico', 'alistair', 'ins', 'hatz']]","[[7938, 8574, 8575, 15835, 19187], [10588, 9102, 11139, 11140, 11162]]","[['ct'], ['t']]","[[16, 2]]","[13, 2]",['Vertigo'],eternal-fire,renegades,17:30,2022-05-09,1652110200000,PGL Major Antwerp 2022 Challengers Stage,6384,1,xfl0ud
https://www.hltv.org/matches/2356105/g2-vs-spirit-pgl-major-antwerp-2022-challengers-stage,2356105,https://www.hltv.org/download/demo/71823,71823,"['g2', 'spirit']","[5995, 7020]","[['niko', 'hunter', 'jackz', 'm0nesy', 'aleksib'], ['chopper', 'degster', 'magixx', 's1ren', 'patsi']]","[[3741, 3972, 284, 19230, 9816], [7716, 17306, 18317, 18506, 19673]]","[['ct'], ['t']]","[[19, 17]]","[11, 4]",['Dust2'],g2,spirit,17:30,2022-05-09,1652110200000,PGL Major Antwerp 2022 Challengers Stage,6384,1,huNter-
https://www.hltv.org/matches/2356110/complexity-vs-ihc-pgl-major-antwerp-2022-challengers-stage,2356110,https://www.hltv.org/download/demo/71822,71822,"['complexity', 'ihc']","[5005, 11585]","[['junior', 'grim', 'floppy', 'fang', 'jt'], ['kabal', 'nin9', 'sk0r', 'blitz', 'techno']]","[[14494, 13578, 12713, 17372, 11630], [10870, 15072, 18638, 20194, 20275]]","[['ct'], ['t']]","[[16, 13]]","[7, 8]",['Nuke'],complexity,ihc,18:30,2022-05-09,1652113800000,PGL Major Antwerp 2022 Challengers Stage,6384,1,bLitz
https://www.hltv.org/matches/2356106/forze-vs-bad-news-eagles-pgl-major-antwerp-2022-challengers-stage,2356106,https://www.hltv.org/download/demo/71824,71824,"['forze', 'bad-news-eagles']","[8135, 11518]","[['jerry', 'zorte', 'shalfey', 'kensi', 'norwi'], ['sener1', 'juanflatroo', 'sinnopsyy', 'gxx', 'rigon']]","[[13157, 15662, 17011, 19236, 19882], [15778, 17147, 18120, 19725, 12708]]","[['ct'], ['t']]","[[16, 7]]","[9, 6]",['Inferno'],forze,bad-news-eagles,19:05,2022-05-09,1652115900000,PGL Major Antwerp 2022 Challengers Stage,6384,1,Norwi
https://www.hltv.org/matches/2356111/imperial-vs-liquid-pgl-major-antwerp-2022-challengers-stage,2356111,https://www.hltv.org/download/demo/71825,71825,"['imperial', 'liquid']","[9455, 5973]","[['boltz', 'fallen', 'vini', 'fnx', 'fer'], ['nitr0', 'elige', 'osee', 'naf', 'shox']]","[[8568, 2023, 12822, 557, 8564], [7687, 8738, 13249, 8520, 1225]]","[['ct'], ['t']]","[[16, 10]]","[8, 7]",['Inferno'],imperial,liquid,19:40,2022-05-09,1652118000000,PGL Major Antwerp 2022 Challengers Stage,6384,1,fer
https://www.hltv.org/matches/2356107/ence-vs-outsiders-pgl-major-antwerp-2022-challengers-stage,2356107,https://www.hltv.org/download/demo/71826,71826,"['ence', 'outsiders']","[4869, 11595]","[['dycha', 'hades', 'snappi', 'maden', 'spinx'], ['buster', 'qikert', 'jame', 'fl1t', 'yekindar']]","[[16080, 16848, 922, 11777, 18221], [11942, 13239, 13776, 12732, 13915]]","[['ct'], ['t']]","[[16, 6]]","[10, 5]",['Vertigo'],ence,outsiders,20:10,2022-05-09,1652119800000,PGL Major Antwerp 2022 Challengers Stage,6384,1,dycha
https://www.hltv.org/matches/2356108/astralis-vs-vitality-pgl-major-antwerp-2022-challengers-stage,2356108,https://www.hltv.org/download/demo/71827,71827,"['astralis', 'vitality']","[6665, 9565]","[['xyp9x', 'k0nfig', 'gla1ve', 'farlig', 'blamef'], ['apex', 'zywoo', 'misutaaa', 'dupreeh', 'magisk']]","[[4954, 9078, 7412, 13300, 15165], [7322, 11893, 14176, 7398, 9032]]","[['ct'], ['t']]","[[8, 16]]","[6, 9]",['Mirage'],vitality,astralis,21:20,2022-05-09,1652124000000,PGL Major Antwerp 2022 Challengers Stage,6384,1,ZywOo
https://www.hltv.org/matches/2356112/mibr-vs-9z-pgl-major-antwerp-2022-challengers-stage,2356112,https://www.hltv.org/download/demo/71828,71828,"['mibr', '9z']","[9215, 9996]","[['chelo', 'exit', 'wood7', 'jota', 'tuurtle'], ['rox', 'luken', 'dgt', 'dav1d', 'max']]","[[10566, 11154, 14390, 17861, 14394], [16067, 15914, 14736, 18865, 12092]]","[['ct'], ['t']]","[[16, 14]]","[7, 8]",['Overpass'],mibr,9z,20:55,2022-05-09,1652122500000,PGL Major Antwerp 2022 Challengers Stage,6384,1,max
https://www.hltv.org/matches/2356115/bad-news-eagles-vs-imperial-pgl-major-antwerp-2022-challengers-stage,2356115,https://www.hltv.org/download/demo/71829,71829,"['bad-news-eagles', 'imperial']","[11518, 9455]","[['sener1', 'juanflatroo', 'sinnopsyy', 'gxx', 'rigon'], ['boltz', 'fallen', 'vini', 'fnx', 'fer']]","[[15778, 17147, 18120, 19725, 12708], [8568, 2023, 12822, 557, 8564]]","[['ct'], ['t']]","[[16, 12]]","[13, 2]",['Vertigo'],bad-news-eagles,imperial,12:00,2022-05-10,1652176800000,PGL Major Antwerp 2022 Challengers Stage,6384,1,gxx-
https://www.hltv.org/matches/2356113/spirit-vs-eternal-fire-pgl-major-antwerp-2022-challengers-stage,2356113,https://www.hltv.org/download/demo/71830,71830,"['spirit', 'eternal-fire']","[7020, 11251]","[['chopper', 'degster', 'magixx', 's1ren', 'patsi'], ['xantares', 'woxic', 'calyx', 'imorr', 'xfl0ud']]","[[7716, 17306, 18317, 18506, 19673], [7938, 8574, 8575, 15835, 19187]]","[['t'], ['ct']]","[[16, 11]]","[9, 6]",['Dust2'],spirit,eternal-fire,12:00,2022-05-10,1652176800000,PGL Major Antwerp 2022 Challengers Stage,6384,1,magixx
https://www.hltv.org/matches/2356116/complexity-vs-outsiders-pgl-major-antwerp-2022-challengers-stage,2356116,https://www.hltv.org/download/demo/71831,71831,"['complexity', 'outsiders']","[5005, 11595]","[['junior', 'grim', 'floppy', 'fang', 'jt'], ['buster', 'qikert', 'jame', 'fl1t', 'yekindar']]","[[14494, 13578, 12713, 17372, 11630], [11942, 13239, 13776, 12732, 13915]]","[['t'], ['ct']]","[[9, 16]]","[7, 8]",['Overpass'],outsiders,complexity,13:20,2022-05-10,1652181600000,PGL Major Antwerp 2022 Challengers Stage,6384,1,Jame
https://www.hltv.org/matches/2356114/astralis-vs-mibr-pgl-major-antwerp-2022-challengers-stage,2356114,https://www.hltv.org/download/demo/71832,71832,"['astralis', 'mibr']","[6665, 9215]","[['xyp9x', 'k0nfig', 'gla1ve', 'farlig', 'blamef'], ['chelo', 'exit', 'wood7', 'jota', 'tuurtle']]","[[4954, 9078, 7412, 13300, 15165], [10566, 11154, 14390, 17861, 14394]]","[['ct'], ['t']]","[[16, 13]]","[12, 3]",['Overpass'],astralis,mibr,13:25,2022-05-10,1652181900000,PGL Major Antwerp 2022 Challengers Stage,6384,1,blameF
https://www.hltv.org/matches/2356119/renegades-vs-ihc-pgl-major-antwerp-2022-challengers-stage,2356119,https://www.hltv.org/download/demo/71833,71833,"['renegades', 'ihc']","[6211, 11585]","[['liazz', 'sico', 'alistair', 'ins', 'hatz'], ['kabal', 'nin9', 'sk0r', 'blitz', 'techno']]","[[10588, 9102, 11139, 11140, 11162], [10870, 15072, 18638, 20194, 20275]]","[['ct'], ['t'], ['t'], ['ct']]","[[10, 16], [12, 16]]","[7, 8, 6, 9]","['Inferno', 'Dust2']",ihc,renegades,14:45,2022-05-10,1652186700000,PGL Major Antwerp 2022 Challengers Stage,6384,3,bLitz
https://www.hltv.org/matches/2356117/vitality-vs-forze-pgl-major-antwerp-2022-challengers-stage,2356117,https://www.hltv.org/download/demo/71834,71834,"['vitality', 'forze']","[9565, 8135]","[['zywoo', 'misutaaa', 'apex', 'magisk', 'dupreeh'], ['jerry', 'zorte', 'shalfey', 'kensi', 'norwi']]","[[11893, 14176, 7322, 9032, 7398], [13157, 15662, 17011, 19236, 19882]]","[['t'], ['ct'], ['ct'], ['t'], ['t'], ['ct']]","[[12, 16], [16, 9], [16, 12]]","[6, 9, 13, 2, 9, 6]","['Nuke', 'Dust2', 'Mirage']",vitality,forze,15:00,2022-05-10,1652187600000,PGL Major Antwerp 2022 Challengers Stage,6384,3,ZywOo
https://www.hltv.org/matches/2356120/liquid-vs-9z-pgl-major-antwerp-2022-challengers-stage,2356120,https://www.hltv.org/download/demo/71835,71835,"['liquid', '9z']","[5973, 9996]","[['nitr0', 'elige', 'osee', 'naf', 'shox'], ['rox', 'luken', 'dgt', 'dav1d', 'max']]","[[7687, 8738, 13249, 8520, 1225], [16067, 15914, 14736, 18865, 12092]]","[['t'], ['ct'], ['ct'], ['t']]","[[16, 11], [16, 11]]","[7, 8, 7, 8]","['Ancient', 'Overpass']",liquid,9z,17:20,2022-05-10,1652196000000,PGL Major Antwerp 2022 Challengers Stage,6384,3,shox
https://www.hltv.org/matches/2356118/ence-vs-g2-pgl-major-antwerp-2022-challengers-stage,2356118,https://www.hltv.org/download/demo/71837,71837,"['ence', 'g2']","[4869, 5995]",,,"[['ct'], ['t'], ['t'], ['ct'], ['ct'], ['t']]","[[7, 16], [19, 16], [9, 16]]","[6, 9, 8, 7, 7, 8]","['Dust2', 'Ancient', 'Mirage']",g2,ence,,,,,,3,
https://www.hltv.org/matches/2356118/ence-vs-g2-pgl-major-antwerp-2022-challengers-stage,2356118,https://www.hltv.org/download/demo/71837,71837,"['ence', 'g2']","[4869, 5995]","[['dycha', 'hades', 'snappi', 'maden', 'spinx'], ['niko', 'hunter', 'jackz', 'm0nesy', 'aleksib']]","[[16080, 16848, 922, 11777, 18221], [3741, 3972, 284, 19230, 9816]]","[['ct'], ['t'], ['t'], ['ct'], ['ct'], ['t']]","[[7, 16], [19, 16], [9, 16]]","[6, 9, 8, 7, 7, 8]","['Dust2', 'Ancient', 'Mirage']",g2,ence,18:45,2022-05-10,1652201100000,PGL Major Antwerp 2022 Challengers Stage,6384,3,NiKo
https://www.hltv.org/matches/2356118/ence-vs-g2-pgl-major-antwerp-2022-challengers-stage,2356118,https://www.hltv.org/download/demo/71837,71837,"['ence', 'g2']","[4869, 5995]","[['dycha', 'hades', 'snappi', 'maden', 'spinx'], ['niko', 'hunter', 'jackz', 'm0nesy', 'aleksib']]","[[16080, 16848, 922, 11777, 18221], [3741, 3972, 284, 19230, 9816]]","[['ct'], ['t'], ['t'], ['ct'], ['ct'], ['t']]","[[7, 16], [19, 16], [9, 16]]","[6, 9, 8, 7, 7, 8]","['Dust2', 'Ancient', 'Mirage']",g2,ence,18:45,2022-05-10,1652201100000,PGL Major Antwerp 2022 Challengers Stage,6384,3,NiKo
